Domains,,,,,,,,,
Accounting,Accounting Manager,Business Analyst,CPA,Project Accountant,Cost Accountant,,,,
Aerospace,Aerospace Engineer,Materials Engineer,Reliability Engineer,Research and Development Engineer,,,,,
Environmental Studies,Agricultural Engineer,Environmental Engineer,Environmental Health & Safety Engineer,Health & Safety Engineer,Protection Engineer,Safety Engineer,,,
Biomedical Engineering,Biological Engineer,Biomedical Engineer,Quality Assurance Engineer,Quality Control Engineer,Quality Engineer,,,,
Chemical Engineering,Chemical Engineer,Metallurgical Engineer,Mining Engineer,Petroleum Engineer,Plastics Engineer,,,,
Industrial Engineering,Compliance Engineer,Component Engineer,Controls Engineer,Facilities Engineer,Logistics Engineer,Maintenance Engineer,,,
Computer Hardware,Computer Hardware Engineer,Firmware Engineer,Hardware Engineer,,,,,,
Civil Engineering,Construction Engineer,Contract Engineer,Drilling Engineer,Fire Protection Engineer,Planning Engineer,Structural Engineer,Welding Engineer,,
Electrical Engineering,Electrical Engineer,Senior Electrical Engineer,Electrical Design Engineer,Electrical Field Engineer,Electro-Mechanical Engineer,Electro-Mechanical Engineer,,,
Biotechnology,Greenhouse and Field Technician,Forensic DNA Analyst,Clinical Research associate,Bioinformation Specialist,Lab Consultant,,,,
Mechanical Engineering,Junior Mechanical Engineer,Mechanical Product Engineer,Automotive Research Engineers,Robotics Engineer,Heating & Cooling Systems Engineer,Boiler Engineer,Marine Engineer,,
Computer Science,Software Engineer,Network Engineer,Data Scientist,Data Analyst,ML Engineer,Data Engineer,,,
Computer Engineering,Systems Engineer,IT Engineer,System Architect,Software Engineer,Network Engineer,Data Scientist,Data Analyst,ML Engineer,Data Engineer